Company Rank,Tier,Company,Role,Location,Posted/Age,Apply URL,Source,Fit track
,,ByteDance,Software Engineer Graduate - Cloud Native Infrastructure,"San Jose, CA",2026-06-02,https://jobs.bytedance.com/en/position/7540437542564301063/detail,SimplifyJobs/New-Grad-Positions @ 81934a0,Backend / platform / cloud
,,ByteDance,Software Engineer Graduate - Cloud Native Infrastructure - BS/MS,"Seattle, WA",2026-06-02,https://jobs.bytedance.com/en/position/7540437283565848850/detail,SimplifyJobs/New-Grad-Positions @ 81934a0,Backend / platform / cloud
,,Texas Instruments,New College Graduate - Information Technology - Software Development Engineer Development Program,"Dallas, TX",2026-06-17,https://edbz.fa.us2.oraclecloud.com/hcmUI/CandidateExperience/en/sites/CX/job/25008815,SimplifyJobs/New-Grad-Positions @ 81934a0,Software engineering
,,State Street,Software Engineer New Grad,"Burlington, MA",2026-06-18,https://statestreet.wd1.myworkdayjobs.com/Global/job/Burlington-Massachusetts/Software-Engineer--CRD--New-Graduate_R-792654,SimplifyJobs/New-Grad-Positions @ 81934a0,Software engineering
,,Palantir,Forward Deployed Software Engineer New Grad,"Washington, DC",2026-06-16,https://jobs.lever.co/palantir/cbe90327-3e6e-451c-a54c-1d3cbcef5aeb/apply,SimplifyJobs/New-Grad-Positions @ 81934a0,Software engineering
,,Palantir,Forward Deployed Software Engineer New Grad,NYC,2026-06-16,https://jobs.lever.co/palantir/d1ac83d0-e923-42a5-8e6d-58dd0cab25ca/apply,SimplifyJobs/New-Grad-Positions @ 81934a0,Software engineering
,,SpaceX,New Graduate Engineer - Software - Starlink,"Redmond, WA",2026-01-16,https://boards.greenhouse.io/spacex/jobs/8376990002,SimplifyJobs/New-Grad-Positions @ 81934a0,Software engineering
,,Cerebras,Software Engineer New Grad,"Sunnyvale, CA",2026-06-10,https://boards.greenhouse.io/embed/job_app?token=7621174003,SimplifyJobs/New-Grad-Positions @ 81934a0,Software engineering
,,Nuro,Software Engineer New Grad - Performance,"Mountain View, CA",2026-06-03,https://nuro.ai/careersitem?gh_jid=7978432,SimplifyJobs/New-Grad-Positions @ 81934a0,Software engineering
,,Hadrian,Fullstack Software Engineer New Grad,LA,2026-06-19,https://jobs.ashbyhq.com/hadrian-automation/41472a42-c3c3-40bd-a784-8a3fbab47be3/application,SimplifyJobs/New-Grad-Positions @ 81934a0,Software engineering
,,Collective,Software Engineer New Grad,SF,2026-06-17,https://jobs.ashbyhq.com/collective/40516856-b29c-4b38-b434-68be5241bacf/application,SimplifyJobs/New-Grad-Positions @ 81934a0,Software engineering
,,Further,Entry Level Software Developer – Graduate Leadership Program,"Dallas, TX",2026-06-10,https://job-boards.greenhouse.io/furtherearlycareer/jobs/8384012002,SimplifyJobs/New-Grad-Positions @ 81934a0,Software engineering
,,IXL Learning,Software Engineer New Grad,"Raleigh, NC",2026-06-02,https://www.ixl.com/company/jobs?gh_jid=8574195002,SimplifyJobs/New-Grad-Positions @ 81934a0,Software engineering
,,Julius AI,Refresh Software Engineer New Grad - Product,SF,2026-05-21,https://jobs.ashbyhq.com/julius/5e0b677a-f677-44de-93c6-f7848ab5a8e6/application,SimplifyJobs/New-Grad-Positions @ 81934a0,Software engineering
,,N1,New Grad Software Engineer - Backend Rust,SF; Remote in USA; Europe; NYC,2026-03-19,https://jobs.ashbyhq.com/n1/a3e25c84-0846-454a-b2fc-a356c2a713bd/application,SimplifyJobs/New-Grad-Positions @ 81934a0,Backend / platform / cloud
,,TikTok,"Software Engineer Graduate - Capital Platform - 2026 Start','BS/MS","San Jose, CA",2025-10-31,https://lifeattiktok.com/search/7532009150009755911,SimplifyJobs/New-Grad-Positions @ 81934a0,Backend / platform / cloud
,,Compa,Software Engineer New Grad,"Denver, CO",2026-05-05,https://jobs.ashbyhq.com/compa/ce7b36cc-3517-46c0-98fe-99924ab400da/application,SimplifyJobs/New-Grad-Positions @ 81934a0,Software engineering
,,Authorium,Software Enginner New Grad,SF,2026-06-10,https://jobs.ashbyhq.com/Authorium/e9384068-af40-47b2-83cf-ec76fd8b7222/application,SimplifyJobs/New-Grad-Positions @ 81934a0,Software engineering
,,Notion,Software Engineer – New Grad,SF,2026-04-23,https://jobs.ashbyhq.com/notion/a6311f97-4850-4674-a5f3-d9fe5f6f2555/application,SimplifyJobs/New-Grad-Positions @ 81934a0,Software engineering
,,N1,New Grad Software Engineer - Full Stack,NYC,2025-10-31,https://jobs.ashbyhq.com/n1/73724fe2-9a93-4a60-b349-4fd3d2efa94a/application,SimplifyJobs/New-Grad-Positions @ 81934a0,Software engineering
,,PNC Financial Services,Software Engineer Associate,"Downers Grove, IL; Pittsburgh, PA",2026-06-20,https://pnc.wd5.myworkdayjobs.com/External/job/PA---Pittsburgh-15222/Software-Engineer-Associate_R225875-1,SimplifyJobs/New-Grad-Positions @ 81934a0,Software engineering
,,Fuze Health,Graduate Software Engineer,Remote in USA,2026-06-10,https://job-boards.eu.greenhouse.io/fuzehealth/jobs/4833389101,SimplifyJobs/New-Grad-Positions @ 81934a0,Software engineering
,,Toyota,Software Engineer – Early Career Professional,"Plano, TX",2026-06-17,https://toyota.wd503.myworkdayjobs.com/tmna/job/Plano-Texas/Software-Engineer--Early-Career-Professional-_10325075,SimplifyJobs/New-Grad-Positions @ 81934a0,Software engineering
,,Sigma Computing,Software Engineer New Grad,SF; NYC,2026-04-06,https://job-boards.greenhouse.io/sigmacomputing/jobs/7690411003,SimplifyJobs/New-Grad-Positions @ 81934a0,Software engineering
,,The Walt Disney Company,Product Software Engineer 1,"Glendale, CA",2026-06-18,https://disney.wd5.myworkdayjobs.com/disneycareer/job/Glendale-CA-USA/Product-Software-Engineer-I_10151599,SimplifyJobs/New-Grad-Positions @ 81934a0,Software engineering
,,FlexAI,Software Engineer – New Grad,"San Jose, CA",2026-04-03,https://ats.rippling.com/flexai/jobs/93ada67c-8527-427c-b2f6-4a5557b00674,SimplifyJobs/New-Grad-Positions @ 81934a0,Software engineering
,,D3,Backend Engineer – New Grad,LA,2025-10-31,https://d3.com/careers?gh_jid=4915295008,SimplifyJobs/New-Grad-Positions @ 81934a0,Backend / platform / cloud
,,Ellipsis Labs,Software Engineer – New Grads - Multiple Teams,NYC,2026-03-26,https://jobs.ashbyhq.com/ellipsislabs/256c2ec2-01c8-4ff6-9ad0-b926fe40472d/application,SimplifyJobs/New-Grad-Positions @ 81934a0,Software engineering
,,Northslope Technologies,Forward Deployed Software Engineer - New Grad,"London, UK; NYC",2026-03-09,https://jobs.ashbyhq.com/northslope-technologies/7ccd126f-b127-4526-87f1-57408919c30a/application,SimplifyJobs/New-Grad-Positions @ 81934a0,Software engineering
,,Giga AI,Software Engineer – New Grads,NYC,2026-02-20,https://jobs.ashbyhq.com/gigaml/7314c5c1-e3d0-4439-ad9f-b3b09d4dde51/application,SimplifyJobs/New-Grad-Positions @ 81934a0,Software engineering
,,Pure Storage,Graduate Software Engineer,"Santa Clara, CA",2026-02-18,https://boards.greenhouse.io/purestorage/jobs/7258968,SimplifyJobs/New-Grad-Positions @ 81934a0,Software engineering
,,8VC,Software Engineer New Grad,SF,2026-01-30,https://jobs.ashbyhq.com/8vc/4fea7270-2409-4701-b147-fc961d95588d/application,SimplifyJobs/New-Grad-Positions @ 81934a0,Software engineering
,,Perpay,Software Engineer – New Grad,"Philadelphia, PA",2026-01-23,https://job-boards.greenhouse.io/perpay/jobs/4034578007,SimplifyJobs/New-Grad-Positions @ 81934a0,Software engineering
,,Continue,Software Engineer – New grad,SF,2025-10-31,https://jobs.ashbyhq.com/continue/219fce3e-7af9-4b00-8fa7-87bf53db72f7/application,SimplifyJobs/New-Grad-Positions @ 81934a0,Software engineering
,,TikTok,Software Engineer Graduate - Data Arch - Data Ecosystem,"San Jose, CA",2025-10-31,https://lifeattiktok.com/search/7527441329384147208,SimplifyJobs/New-Grad-Positions @ 81934a0,Data engineering
,,TikTok,Software Engineer Graduate - 2026 Start,"San Jose, CA",2025-10-31,https://lifeattiktok.com/search/7531175534148045063,SimplifyJobs/New-Grad-Positions @ 81934a0,Software engineering
,,Amazon,Software Engineer 1,"Seattle, WA; SF",2026-05-28,https://amazon.jobs/en/jobs/3141336/software-engineer-i,SimplifyJobs/New-Grad-Positions @ 81934a0,Software engineering
,,MedImpact,Full Stack Software Engineer 1,"San Diego, CA",2026-06-17,https://medimpact.wd5.myworkdayjobs.com/medimpact/job/San-Diego-CA/Software-Engineer-I_JR102576,SimplifyJobs/New-Grad-Positions @ 81934a0,Software engineering
,,General Motors,Entry Level Developer - Simulation Platform - Galileo,"Sunnyvale, CA",2026-06-01,https://generalmotors.wd5.myworkdayjobs.com/Careers_GM/job/Sunnyvale-California-United-States-of-America/Entry-Level-Developer---Simulation-Platform--Galileo-_JR-202611523,SimplifyJobs/New-Grad-Positions @ 81934a0,Backend / platform / cloud
,,Sony Interactive Entertainment,Software Engineer 1,"San Diego, CA",2026-05-22,https://job-boards.greenhouse.io/sonyinteractiveentertainmentglobal/jobs/5859292004,SimplifyJobs/New-Grad-Positions @ 81934a0,Software engineering
,,ServiceNow,Associate Software Engineer - Core Infrastructure,"Mountain View, CA",2026-02-04,https://jobs.smartrecruiters.com/ServiceNow/744000107369741,SimplifyJobs/New-Grad-Positions @ 81934a0,Backend / platform / cloud
,,ServiceNow,Associate Software Engineer - Core Infrastructure - Moveworks,"Mountain View, CA",2026-02-04,https://jobs.smartrecruiters.com/ServiceNow/744000107370955,SimplifyJobs/New-Grad-Positions @ 81934a0,Backend / platform / cloud
,,WebFX,Junior Full-Stack Software Engineer,"Ann Arbor, MI",2026-06-17,https://jobs.lever.co/webfx/3c850193-9429-43fd-9afb-052adea191b3/apply,SimplifyJobs/New-Grad-Positions @ 81934a0,Software engineering
,,Mirage,Software Engineer – Early Career,NYC,2026-04-27,https://jobs.ashbyhq.com/mirage/cbf278fd-84ec-48d9-8052-b76abb035ac7/application,SimplifyJobs/New-Grad-Positions @ 81934a0,Software engineering
,,Tyler Technologies,Associate Software Engineer,"Plano, TX",2026-06-17,https://jobs.jobvite.com/tylertech/job/o8NHzfwV?nl=1&nl=1&fr=false,SimplifyJobs/New-Grad-Positions @ 81934a0,Software engineering
,Dream / early career,Salesforce,Software Engineering AMTS College Grad,"Palo Alto, CA; Seattle, WA; SF; Dallas, TX; Bellevue, WA",2026-03-30,https://salesforce.wd12.myworkdayjobs.com/Futureforce_NewGradRoles/job/California---San-Francisco/Software-Engineering-AMTS-MTS--College-Grad-_JR330400,SimplifyJobs/New-Grad-Positions @ 81934a0,Backend / platform / cloud
,Dream / early career,Amazon,Software Development Engineer,"Seattle, WA",2026-05-04,https://amazon.jobs/en/jobs/3177934/software-development-engineer-2026-us,SimplifyJobs/New-Grad-Positions @ 81934a0,Backend / platform / cloud
,Dream / verify experience requirements,Twilio,Software Engineer,Remote in USA,2026-03-27,https://job-boards.greenhouse.io/twilio/jobs/7681338,SimplifyJobs/New-Grad-Positions @ 81934a0,Backend / platform / cloud
,Dream / verify experience requirements,Robinhood,Software Engineer,"Menlo Park, CA",2026-06-02,https://boards.greenhouse.io/robinhood/jobs/7975516,SimplifyJobs/New-Grad-Positions @ 81934a0,Backend / platform / cloud
,Dream / verify experience requirements,Snowflake,Software Engineer - Snowflake Postgres,"Menlo Park, CA; Bellevue, WA",2026-05-11,https://jobs.ashbyhq.com/snowflake/19ff5740-e678-4f43-a6c6-29bab94fbc21/application,SimplifyJobs/New-Grad-Positions @ 81934a0,Data / database infrastructure
,Dream / verify experience requirements,Apple,Finder and Files Application Engineer,"Cupertino, CA",2026-05-06,https://jobs.apple.com/en-us/details/200643671,SimplifyJobs/New-Grad-Positions @ 81934a0,Systems / platform engineering
,Dream / verify experience requirements,Google,Software Engineer - Translation Mobile - Extended Reality,"Seattle, WA",2026-06-08,https://www.google.com/about/careers/applications/jobs/results/81260991748154054,SimplifyJobs/New-Grad-Positions @ 81934a0,Software engineering
